10381;20200326;1;-6.0;-1.0;5.7;11.8;40.5;3.0;10.1;11.5;2.0;0.0;1018.0
10381;20200325;1;-7.3;-2.6;3.9;11.0;;3.0;11.5;11.8;0.5;0.0;1022.7
10381;20200324;1;-8.3;-4.8;;8.7;46.5;3.0;10.3;11.9;0.7;0.0;1027.2
10381;20200323;1;-8.2;-4.4;0.8;6.7;52.5;2.0;8.1;;0.2;0.0;1029.5
10381;20200321;1;-4.5;0.2;4.1;7.4;;4.0;13.6;8.0;2.8;0.0;1021.0
10381;20200320;1;4.7;5.2;7.7;9.5;73.0;2.0;11.2;0.0;7.5;0.0;1016.1
10381;20200319;1;2.2;7.0;10.1;14.5;77.1;2.0;8.5;2.0;6.9;0.0;1015.1
10381;20200318;1;-0.2;4.5;10.7;17.6;60.7;3.0;11.6;9.9;5.5;;1015.9
10381;20200317;1;;2.7;9.0;15.2;70.1;2.0;9.9;6.7;4.8;0.0;1017.3
10381;20200316;1;-2.4;2.5;8.7;17.0;57.5;3.0;8.9;10.5;3.1;0.0;1009.7
10381;20200315;1;-5.3;-1.2;5.4;;50.8;4.0;14.4;11.0;3.3;0.0;1010.8
10381;20200314;1;-5.0;-2.9;2.7;8.3;65.4;2.0;7.9;10.7;1.2;0.0;1014.4
10381;20200313;1;0.2;;6.2;9.5;69.1;4.0;20.6;2.9;4.9;0.0;1001.4
10381;20200312;1;-0.7;4.4;9.6;13.2;63.9;4.0;24.0;3.5;4.9;1.2;996.0
10381;20200311;1;2.4;7.1;9.7;12.8;75.0;3.0;14.7;4.5;5.1;2.1;997.9
10381;20200310;1;-1.0;2.9;5.9;10.5;93.6;4.0;14.7;0.7;6.7;11.0;996.1
10381;20200309;1;-0.7;3.3;7.1;10.9;83.7;2.0;7.9;1.4;5.9;1.5;1001.4
10381;20200308;1;-3.7;-1.1;4.8;9.9;81.5;3.0;11.1;2.9;4.8;0.0;1005.8
10381;20200307;1;-3.2;0.1;4.0;6.7;86.2;3.0;14.4;0.2;6.3;0.0;1001.6
10381;20200306;1;3.0;3.3;5.1;6.9;95.7;3.0;11.0;0.0;8.0;5.4;983.9
10381;20200305;1;-3.2;-0.6;4.9;10.7;73.4;3.0;10.2;5.8;4.7;2.6;993.3
10381;20200304;1;-2.8;0.3;4.1;8.5;80.5;2.0;9.2;4.1;4.6;0.0;999.7
10381;20200303;1;-0.6;2.5;4.5;6.6;91.0;3.0;12.4;0.0;7.0;0.7;989.3
10381;20200302;1;0.0;3.4;5.8;9.8;85.3;3.0;10.8;3.9;6.2;0.3;984.4
10381;20200229;1;0.1;0.8;6.6;12.3;80.9;4.0;14.9;4.1;7.1;1.4;988.6
10381;20200228;1;-2.0;0.5;3.6;8.3;76.5;3.0;13.9;3.1;6.2;3.7;1001.2
10381;20200227;1;0.0;0.9;3.2;5.8;84.8;2.0;10.8;1.3;7.2;0.4;991.4
10381;20200226;1;-0.1;1.0;2.5;4.1;96.2;3.0;12.0;0.0;7.2;4.3;985.0
10381;20200225;1;0.5;3.8;7.7;10.2;75.7;3.0;16.1;4.5;5.1;2.5;986.9
10381;20200224;1;2.2;3.4;5.1;7.6;80.8;3.0;14.8;0.2;7.0;7.0;1003.3
10381;20200223;1;2.9;3.6;6.6;8.3;85.8;4.0;21.0;0.0;7.6;15.9;999.0
10381;20200222;1;3.9;5.6;8.3;12.2;63.3;4.0;23.0;1.4;7.5;1.2;1005.9
10381;20200221;1;2.5;3.9;6.0;8.3;74.8;4.0;18.0;2.9;7.0;0.0;1009.0
10381;20200220;1;-2.1;1.0;4.8;7.5;84.7;3.0;12.5;1.4;6.8;4.9;1006.6
10381;20200219;1;3.2;4.3;5.2;7.0;84.5;4.0;15.4;2.3;7.2;4.4;1003.9
10381;20200218;1;2.8;4.9;6.9;8.6;70.9;4.0;18.2;1.3;6.5;0.1;1007.2
10381;20200217;1;4.0;6.9;9.6;12.0;61.4;4.0;17.5;1.1;6.0;0.2;1002.0
10381;20200216;1;4.7;7.1;11.7;15.5;58.0;4.0;17.7;0.3;7.2;1.6;997.8
10381;20200215;1;-2.3;0.6;5.3;10.4;83.4;3.0;12.8;7.3;6.0;0.0;1011.0
10381;20200214;1;-2.3;;3.6;5.7;98.4;2.0;7.9;0.0;6.5;1.1;1005.9
10381;20200213;1;-1.7;0.8;3.5;5.6;79.2;3.0;13.0;3.6;5.3;1.0;999.9
10381;20200212;1;0.9;2.8;4.4;7.0;64.4;;19.3;0.7;5.3;0.0;997.2
10381;20200211;1;1.7;3.2;4.7;6.6;70.7;5.0;20.4;0.0;6.6;0.0;986.3
10381;20200210;1;1.0;3.4;7.1;14.0;81.5;4.0;23.4;1.1;6.3;6.2;980.7
10381;20200209;1;2.6;5.4;9.4;13.8;63.9;4.0;19.9;6.2;7.2;7.6;999.5
10381;20200208;1;-1.8;0.7;4.7;8.9;78.7;3.0;9.8;8.0;4.0;0.0;1013.7
10381;20200207;1;3.0;4.5;5.2;6.2;92.8;2.0;7.7;0.0;7.7;0.0;1019.3
10381;20200206;1;0.7;2.2;4.4;6.1;80.8;3.0;11.3;0.0;7.5;0.1;1018.1
10381;20200205;1;-0.3;2.0;3.3;5.4;75.7;3.0;14.6;7.9;5.0;0.0;1018.4
10381;20200204;1;1.6;3.0;5.1;6.4;82.0;4.0;15.3;0.8;7.3;1.6;996.5
10381;20200203;1;4.3;5.2;7.1;9.8;95.1;3.0;12.3;0.4;7.3;4.3;997.0
10381;20200202;1;5.1;5.4;7.1;8.7;83.8;3.0;15.9;0.0;7.6;4.6;995.5
10381;20200201;1;5.2;7.7;10.6;12.5;84.5;3.0;14.2;0.0;7.2;7.5;992.7
10381;20200131;1;5.2;6.1;9.6;11.2;79.2;3.0;18.0;2.8;7.2;0.0;993.5
10381;20200130;1;0.6;2.2;5.5;8.4;82.3;4.0;15.9;0.0;7.6;2.5;996.5
10381;20200129;1;1.9;3.0;4.5;6.2;77.5;4.0;17.4;0.3;7.2;0.7;991.4
10381;20200128;1;1.7;2.4;5.4;8.7;87.8;4.0;16.2;2.2;7.2;8.8;984.5
10381;20200127;1;-2.6;-0.4;4.8;8.9;88.3;3.0;10.1;3.7;7.3;3.1;1000.2
10381;20200126;1;-1.4;-1.7;-0.5;0.5;100.0;2.0;6.3;0.0;8.0;0.0;1009.0
10381;20200125;1;-0.3;-0.4;0.4;1.4;100.0;2.0;7.7;0.0;8.0;0.0;1011.8
10381;20200124;1;;-3.2;-0.1;3.9;91.5;2.0;7.5;7.3;3.4;0.0;1012.9
10381;20200123;1;-4.0;-0.7;2.8;6.5;84.9;2.0;5.2;0.8;6.2;0.0;1022.1
10381;20200120;1;-3.7;-0.9;1.7;4.5;95.2;2.0;;2.3;4.2;0.0;1034.9
10381;20200119;1;2.1;2.7;3.8;4.7;90.5;2.0;7.4;0.1;7.5;0.2;1023.8
10381;20200118;1;-1.3;3.1;5.2;6.9;79.4;3.0;10.7;4.3;5.5;0.1;1012.2
10381;20200117;1;-3.5;0.0;3.9;9.2;86.4;3.0;11.7;7.4;1.5;;1010.2
10381;20200116;1;-2.4;1.8;6.0;11.0;81.3;2.0;7.9;7.9;1.5;0.0;1017.1
10381;20200115;1;3.0;7.4;10.1;13.7;58.0;4.0;14.7;2.2;5.8;0.0;1005.0
10381;20200114;1;-0.4;2.1;7.0;9.9;73.8;4.0;13.3;0.3;6.0;0.0;1001.7
10381;20200113;3;-1.8;1.7;5.3;8.5;86.6;3.0;11.9;0.8;5.5;0.0;1009.6
10381;20200112;3;-1.3;0.6;3.4;6.1;78.8;3.0;12.0;5.7;5.9;0.0;1011.5
10381;20200111;3;-0.1;2.0;4.5;7.0;81.4;3.0;10.0;2.5;6.9;0.0;1018.9
10381;20200110;3;3.8;4.5;9.1;11.2;89.6;3.0;15.2;2.3;6.8;1.7;1004.8
10381;20200109;3;6.4;7.0;8.1;;99.4;3.0;10.0;0.0;8.0;5.3;1007.0
10381;20200108;3;1.8;3.1;6.2;8.2;88.6;3.0;11.0;0.0;7.9;1.9;
10381;20200107;3;-4.3;-2.1;2.3;5.3;97.0;3.0;9.1;0.0;5.3;0.2;1014.5
10381;20200106;3;-1.6;1.9;4.7;7.3;80.8;2.0;7.4;2.1;7.2;0.0;1017.0
10381;20200105;3;-3.5;-1.4;1.4;3.6;88.9;3.0;10.5;2.1;4.1;0.0;1022.3
10381;20200104;3;0.2;1.7;4.1;5.6;87.6;4.0;16.2;0.0;4.8;3.0;1010.4
10381;20200103;3;-2.8;0.8;4.3;6.9;93.3;3.0;16.5;0.0;6.6;4.4;1007.7
10381;20200102;3;-7.3;-4.1;-0.3;6.2;82.8;3.0;7.2;7.5;1.8;0.0;1016.6
10381;20200101;3;-6.3;-2.8;1.8;5.0;93.9;2.0;7.3;2.9;3.9;0.0;1022.9
10381;20191231;3;-0.2;3.5;5.8;7.4;72.3;3.0;12.5;0.9;5.9;0.0;1017.9
10381;20191230;3;-1.7;1.3;4.0;7.0;52.0;3.0;10.5;0.4;5.5;0.0;1018.3
10381;20191229;3;-5.4;-3.8;-0.6;2.0;80.1;2.0;8.4;5.7;5.3;0.0;1028.8
10381;20191228;3;-4.1;-2.7;1.0;2.2;73.1;2.0;6.3;0.0;7.1;0.0;1031.3
10381;20191227;3;-0.7;1.2;3.0;4.1;93.3;2.0;7.7;1.4;6.8;0.1;1019.4
10381;20191226;3;1.3;3.4;4.6;5.6;95.7;3.0;8.4;0.2;6.9;1.4;1012.8
10381;20191225;3;1.0;3.6;5.3;5.9;96.0;3.0;7.8;0.0;7.6;0.7;1004.1
10381;20191224;3;3.2;4.6;6.0;8.2;87.5;3.0;9.7;1.8;6.8;2.4;999.8
10381;20191223;3;3.5;;6.5;8.2;89.8;3.0;10.8;0.4;7.5;1.4;991.9
10381;20191222;3;-3.0;0.1;2.4;4.6;100.0;2.0;6.7;0.0;6.9;0.2;980.5
10381;20191221;3;-2.7;0.5;6.1;9.7;94.9;3.0;8.3;4.4;4.7;0.0;983.8
10381;20191220;3;-1.6;1.6;5.9;10.2;94.8;3.0;8.3;6.2;4.0;4.0;987.4
10381;20191219;3;-2.6;0.6;4.2;7.3;98.7;3.0;8.1;2.4;4.5;0.0;1006.5
10381;20191218;3;-2.8;0.4;7.4;11.8;76.9;3.0;12.4;1.8;4.4;0.0;1005.9
10381;20191217;3;-1.1;2.6;7.7;11.6;79.8;3.0;9.6;0.2;6.4;0.1;996.7
10381;20191216;3;-0.5;;5.5;7.8;89.7;3.0;7.5;0.0;6.0;0.1;999.4
10381;20191215;3;-1.6;1.9;5.5;9.4;78.0;3.0;15.5;2.1;4.2;1.6;991.6
10381;20191214;3;0.9;1.8;3.4;5.6;94.2;3.0;24.3;0.2;7.4;5.1;979.6
10381;20191213;3;-3.6;-0.9;1.1;3.1;90.4;3.0;10.9;4.1;4.5;0.5;976.8
10381;20191212;3;;-0.2;1.9;3.9;;3.0;8.1;0.0;7.1;0.0;992.3
10381;20191211;3;-2.2;0.2;2.7;4.2;69.8;3.0;12.2;0.2;6.5;1.0;1001.6
10381;20191210;3;-2.6;0.5;2.9;5.6;87.7;3.0;11.3;6.9;0.8;0.0;1010.2
10381;20191209;3;0.9;4.7;7.1;9.5;77.4;3.0;13.3;3.9;5.3;1.9;990.6
10381;20191208;3;5.4;7.5;9.0;11.3;73.1;4.0;15.3;0.5;7.4;0.2;992.6
10381;20191207;3;4.7;5.4;7.8;9.5;87.1;4.0;15.0;0.3;7.0;0.7;997.0
10381;20191206;3;-3.0;-0.8;2.0;5.4;87.9;4.0;15.0;0.1;6.7;6.4;1000.3
10381;20191205;3;-4.9;-2.6;0.4;4.3;89.0;3.0;8.4;7.4;1.1;0.0;1009.5
10381;20191204;3;-3.7;-1.0;3.4;6.9;89.9;2.0;9.3;4.1;4.0;0.0;1013.5
10381;20191203;3;-4.8;-2.7;2.3;5.4;96.0;2.0;8.2;4.9;4.9;0.1;1015.8
10381;20191202;3;-0.5;1.2;2.9;4.5;94.7;3.0;12.4;0.0;6.7;1.0;1010.2
10381;20191201;3;0.7;0.5;2.2;3.4;97.5;1.0;4.4;0.0;7.8;0.0;1012.2
10381;20191130;3;-4.9;-2.2;1.3;4.4;91.7;2.0;8.1;4.1;3.1;0.0;1010.7
10381;20191129;3;-2.2;0.0;5.2;9.2;76.3;4.0;15.4;1.2;4.6;0.0;993.2
10381;20191128;3;5.4;7.3;9.8;12.5;76.9;4.0;14.8;2.5;6.5;1.5;982.2
10381;20191127;3;1.6;4.2;6.1;7.5;95.5;3.0;10.1;0.0;6.3;3.0;988.3
10381;20191126;3;2.8;3.9;6.1;8.0;91.7;2.0;8.1;0.0;7.9;0.0;998.0
10381;20191125;3;3.6;3.5;4.3;5.0;95.9;2.0;6.8;0.0;8.0;0.0;1002.7
10381;20191124;3;0.3;2.5;4.3;7.0;92.5;3.0;10.9;3.3;6.3;0.0;1001.3
10381;20191123;3;0.4;2.6;5.9;8.4;91.3;3.0;11.4;2.4;5.6;0.0;999.1
10381;20191122;3;2.8;6.5;8.2;10.2;96.7;2.0;9.1;1.0;6.8;0.0;1001.0
10381;20191121;3;5.8;6.0;7.9;9.4;98.5;2.0;7.6;0.0;8.0;3.5;1002.2
10381;20191120;3;4.4;4.7;5.2;6.1;98.9;2.0;5.9;0.0;8.0;0.0;1008.6
10381;20191119;3;1.0;4.0;6.0;8.8;78.3;3.0;14.5;5.1;5.8;6.6;1006.0
10381;20191118;3;0.8;3.6;7.5;10.7;93.9;3.0;11.6;0.0;5.8;0.8;997.1
10381;20191117;3;-3.1;-0.9;3.8;7.9;98.4;2.0;8.9;0.0;5.5;1.5;1002.3
10381;20191116;3;-2.4;0.5;5.6;8.0;95.8;3.0;12.3;0.0;6.0;1.1;998.2
10381;20191115;3;3.3;3.8;7.0;9.6;87.7;3.0;13.7;0.2;7.6;0.9;996.8
10381;20191114;3;-0.6;2.0;4.9;9.3;84.5;3.0;13.1;6.6;4.3;0.0;999.2
10381;20191113;3;-0.8;1.9;4.4;6.7;89.2;2.0;7.4;0.0;7.0;0.0;993.6
10381;20191112;3;-1.7;0.3;4.0;7.7;84.4;3.0;9.2;1.5;6.7;0.0;996.4
10381;20191111;3;-2.1;0.3;2.4;7.0;90.5;3.0;9.9;3.9;5.6;0.0;1001.9
10381;20191110;3;-0.8;1.7;4.4;8.8;92.9;2.0;4.9;6.0;4.0;0.0;1004.0
10381;20191109;3;0.3;2.8;6.5;7.6;98.8;2.0;8.7;0.0;7.1;0.5;997.2
10381;20191108;3;0.7;2.8;7.0;10.2;91.1;2.0;8.1;0.3;7.0;1.6;997.3
10381;20191107;3;4.0;5.5;7.9;11.7;91.1;2.0;7.3;1.1;7.0;0.0;994.1
10381;20191106;3;3.2;5.4;7.9;9.0;96.2;2.0;8.7;0.0;7.6;1.6;990.6
10381;20191105;3;4.5;6.9;9.0;11.2;93.4;3.0;8.8;0.6;6.4;0.8;986.2
10381;20191104;3;5.5;7.9;9.9;13.0;95.1;2.0;9.9;0.8;7.0;5.1;981.0
10381;20191103;3;4.0;7.0;10.5;12.9;97.4;2.0;8.4;0.0;7.2;4.7;981.2
10381;20191102;3;5.8;6.4;11.0;16.2;92.2;3.0;10.5;0.6;6.6;0.4;985.0
10381;20191101;3;-4.9;-2.4;2.5;7.0;86.8;3.0;11.9;6.3;5.1;1.2;1003.7
10381;20191031;3;-4.7;-2.7;0.9;7.5;87.6;2.0;5.6;8.7;3.4;0.0;1017.4
10381;20191030;3;-3.7;-1.6;2.3;9.9;86.1;2.0;5.2;7.4;1.8;0.0;1020.5
10381;20191029;3;-2.6;-0.1;4.6;8.8;92.4;2.0;7.7;3.4;4.1;0.0;1015.0
10381;20191028;3;2.8;5.1;7.9;12.2;86.2;3.0;10.8;6.4;2.5;2.4;1010.3
10381;20191027;3;1.9;5.3;11.4;16.5;74.5;3.0;14.1;0.0;5.9;0.6;1005.9
10381;20191026;3;6.4;9.9;13.8;17.6;75.5;3.0;10.4;8.1;6.1;0.0;1006.3
10381;20191025;3;6.7;9.3;;18.2;82.4;3.0;13.1;6.5;5.8;0.0;1008.7
10381;20191024;3;7.3;10.0;13.3;17.1;95.0;2.0;8.2;2.1;6.5;0.0;1001.6
10381;20191023;3;4.8;6.6;11.6;17.5;90.7;2.0;9.1;6.9;5.1;0.1;1010.0
10381;20191022;3;5.2;7.3;12.3;17.6;86.8;2.0;7.1;6.4;4.6;0.0;1013.9
10381;20191021;3;7.5;9.8;13.6;17.8;92.5;2.0;7.0;1.7;6.1;0.0;1007.8
10381;20191020;3;7.8;10.1;14.1;20.5;84.6;2.0;6.6;5.7;5.6;0.0;1001.5
10381;20191018;3;6.4;8.1;14.2;19.3;;3.0;11.0;6.6;5.7;5.9;1000.9
10381;20191017;3;8.9;11.3;14.0;17.6;80.8;3.0;9.6;1.2;;0.6;1003.2
10381;20191016;3;5.7;8.4;11.4;14.2;97.4;3.0;15.1;0.1;5.5;6.3;999.0
10381;20191015;3;7.5;10.3;15.0;22.0;87.6;2.0;6.6;9.1;3.9;0.0;998.1
10381;20191014;3;10.0;13.2;17.7;22.5;78.8;3.0;9.5;9.7;2.9;0.0;1004.4
10381;20191013;3;9.3;11.8;18.3;24.2;77.2;3.0;10.1;5.8;4.0;0.0;1002.7
10381;20191012;3;9.2;11.5;15.8;20.1;74.0;3.0;16.1;6.1;5.0;0.0;1000.9
10381;20191011;3;6.7;8.8;12.7;15.6;80.2;3.0;13.8;1.6;7.1;1.1;1003.2
10381;20191010;3;5.9;8.6;10.9;14.8;83.2;3.0;14.9;5.3;5.1;1.0;1000.5
10381;20191009;3;4.7;8.7;12.0;15.7;84.0;3.0;13.1;3.7;4.8;2.7;996.9
10381;20191008;3;2.7;3.6;9.6;12.9;94.0;3.0;10.5;0.0;7.5;2.4;998.1
10381;20191007;3;-2.1;0.1;5.0;12.1;81.7;2.0;6.3;7.7;3.6;0.0;1009.9
10381;20191006;3;-1.0;1.5;5.9;12.9;83.0;2.0;9.1;8.0;3.5;0.0;1010.6
10381;20191005;3;1.3;4.1;8.4;11.9;87.5;3.0;12.7;1.7;5.5;0.1;1004.0
10381;20191004;3;1.9;4.1;8.3;11.2;93.7;2.0;7.9;3.0;7.0;14.3;1000.6
10381;20191003;3;3.8;6.1;9.0;12.4;90.3;3.0;13.6;1.8;6.7;0.6;1002.5
10381;20191002;3;4.5;6.5;9.8;13.1;87.0;3.0;12.2;3.3;5.1;1.9;995.0
10381;20191001;3;8.1;10.0;13.5;16.8;93.1;3.0;10.7;0.1;7.2;14.5;992.1
10381;20190930;3;8.2;10.2;14.1;16.8;86.7;4.0;21.0;2.1;6.2;3.8;990.8
10381;20190929;3;8.6;11.2;14.0;16.4;89.2;3.0;11.1;0.7;6.8;8.0;993.6
10381;20190928;3;8.3;10.9;13.7;18.6;94.0;3.0;12.4;4.5;5.5;9.0;1001.0
10381;20190927;3;7.5;10.6;14.5;16.7;98.2;2.0;9.4;0.4;5.9;12.5;1000.1
10381;20190926;3;5.3;8.2;14.3;20.3;87.0;2.0;5.9;6.8;3.9;0.1;1001.3
10381;20190925;3;7.2;10.1;14.1;16.9;95.5;2.0;5.7;0.1;6.6;1.7;997.1
10381;20190924;3;9.5;12.2;14.6;18.9;92.9;2.0;5.8;1.7;7.0;0.0;1002.8
10381;20190923;3;3.7;7.7;15.4;23.0;70.0;2.0;8.9;10.6;5.0;0.0;1004.0
10381;20190922;3;3.1;6.6;14.8;25.2;69.5;2.0;9.9;11.4;0.5;0.0;1004.8
10381;20190921;3;2.8;5.1;12.5;21.2;76.2;2.0;7.8;11.6;1.9;0.0;1012.7
10381;20190920;3;1.3;3.9;10.9;16.4;78.0;3.0;10.7;6.9;5.3;0.0;1017.8
10381;20190919;3;2.7;5.2;10.3;16.0;75.0;3.0;10.1;8.5;4.1;0.0;1017.0
10381;20190918;3;5.8;7.3;11.3;16.3;67.8;4.0;15.4;7.4;3.0;0.0;1011.4
10381;20190917;3;7.5;8.9;11.7;15.3;81.0;4.0;18.7;3.9;5.2;1.8;1004.8
10381;20190916;3;10.8;12.1;13.6;15.8;84.5;3.0;9.9;1.1;7.0;0.3;1008.6
10381;20190915;3;4.5;6.7;15.6;23.2;65.8;3.0;13.0;10.2;6.8;0.2;1010.9
10381;20190914;3;4.3;6.9;12.2;18.6;75.6;2.0;7.3;11.5;3.4;0.0;1022.7
10381;20190913;3;7.1;9.4;16.3;22.3;74.9;3.0;14.8;3.6;5.9;0.0;1019.0
10381;20190912;3;11.0;13.3;16.8;22.0;84.3;2.0;13.1;3.5;6.0;0.0;1016.4
10381;20190911;3;4.6;6.3;14.7;22.5;67.7;3.0;10.0;10.4;2.5;0.7;1012.1
10381;20190910;3;6.2;8.7;14.6;19.5;71.6;4.0;16.3;9.3;3.9;0.0;1005.4
10381;20190909;3;11.5;11.7;13.4;14.8;97.0;3.0;12.5;0.0;8.0;15.7;1001.8
10381;20190908;3;10.7;11.6;15.8;20.7;71.5;2.0;8.9;4.8;6.8;1.7;1007.9
10381;20190907;3;3.9;6.4;13.3;20.0;75.3;2.0;7.7;2.8;6.0;0.0;1008.7
10381;20190906;3;4.9;7.9;13.5;20.5;67.5;2.0;11.3;11.7;1.4;0.0;1012.9
10381;20190905;3;10.2;11.8;17.0;21.8;66.2;3.0;16.2;6.8;4.3;0.0;1005.9
10381;20190904;3;10.2;13.0;19.1;26.7;64.8;3.0;12.8;10.3;4.5;0.3;1006.1
10381;20190903;3;5.7;8.1;15.2;20.9;70.7;3.0;11.9;2.8;4.4;0.0;1012.5
10381;20190902;3;7.1;9.9;16.1;21.6;66.2;3.0;11.1;9.8;2.2;0.0;1010.8
10381;20190901;3;15.2;16.2;22.4;29.6;67.0;3.0;14.1;8.4;3.9;0.0;1001.1
10381;20190831;3;15.7;18.0;25.3;33.4;63.0;2.0;9.3;11.7;0.7;0.0;1006.0
10381;20190830;3;16.7;19.5;24.1;29.9;66.7;2.0;8.2;9.3;3.8;0.0;1011.9
10381;20190829;3;14.1;16.3;23.4;30.0;65.8;3.0;10.7;11.6;4.5;0.0;1007.7
10381;20190828;3;15.4;17.7;24.3;33.4;67.7;2.0;12.2;8.2;3.7;0.0;1005.3
10381;20190827;3;15.8;17.2;23.8;31.4;71.8;2.0;9.5;10.0;3.2;0.0;1008.1
10381;20190826;3;14.0;16.8;23.0;31.7;70.3;2.0;11.6;6.5;4.3;1.6;1010.3
10381;20190825;3;15.9;18.7;24.2;31.2;55.4;3.0;9.8;11.5;1.8;0.0;1011.5
10381;20190824;3;10.2;12.6;21.2;29.1;63.3;3.0;10.3;11.7;1.3;0.0;1014.0
10381;20190823;3;9.0;11.3;19.5;28.0;66.7;2.0;6.7;13.2;1.1;0.0;1016.4
10381;20190822;3;7.4;9.4;17.9;26.3;66.5;2.0;7.6;12.6;1.8;0.0;1017.6
10381;20190821;3;9.5;11.1;17.0;23.1;68.9;2.0;8.6;11.8;2.7;0.0;1017.4
10381;20190820;3;9.1;10.7;18.1;24.2;66.3;2.0;7.9;6.1;6.7;0.5;1011.9
10381;20190819;3;10.7;12.4;18.1;23.8;74.2;2.0;11.5;9.1;4.6;0.0;1006.0
10381;20190818;3;14.8;16.6;19.8;26.5;87.0;3.0;12.4;2.5;6.6;10.4;998.2
10381;20190817;3;9.4;11.9;19.6;27.7;63.5;3.0;12.0;3.5;6.8;0.3;1001.3
10381;20190816;3;9.9;12.4;17.6;23.2;75.8;3.0;10.6;5.6;4.8;0.0;1005.5
10381;20190815;3;7.0;9.7;17.3;22.6;67.8;3.0;11.3;1.9;6.3;0.1;1003.1
10381;20190814;3;7.5;10.4;16.0;22.0;62.5;3.0;13.2;11.8;2.8;0.0;1007.4
10381;20190813;3;8.4;11.5;17.6;22.1;62.7;3.0;15.6;9.9;4.4;0.0;1005.5
10381;20190812;3;14.0;16.1;19.9;22.9;63.4;3.0;10.6;4.6;6.5;0.0;1004.4
10381;20190811;3;11.8;14.8;22.0;28.6;57.8;2.0;10.5;10.1;3.9;0.0;1004.7
10381;20190810;3;14.7;18.5;23.2;28.1;60.7;3.0;15.0;7.3;5.3;0.0;1001.0
10381;20190809;3;10.6;12.2;20.9;27.5;64.6;2.0;8.6;10.4;5.1;0.0;1002.2
10381;20190808;3;11.8;13.7;20.0;26.1;65.4;3.0;14.8;11.7;2.4;0.0;1000.6
10381;20190807;3;14.1;16.0;20.1;25.3;79.9;2.0;10.3;4.0;6.6;5.5;997.2
10381;20190806;3;12.9;15.5;21.0;28.3;75.8;2.0;11.2;7.8;5.8;1.0;999.9
10381;20190805;3;10.6;12.2;19.3;24.3;72.5;2.0;7.2;4.6;6.0;0.0;1002.3
10381;20190804;3;11.4;;18.4;23.9;74.2;2.0;10.9;7.1;4.3;0.0;1006.0
10381;20190803;3;12.7;14.4;19.0;25.6;70.8;2.0;11.4;10.6;4.8;0.0;1004.8
10381;20190802;3;11.4;13.0;17.5;25.3;85.8;2.0;9.3;7.3;3.5;8.5;1005.1
10381;20190801;3;12.6;14.2;18.7;24.4;78.3;2.0;8.4;6.0;5.1;0.3;1006.9
10381;20190731;3;13.4;15.0;19.2;23.3;88.2;2.0;16.6;3.1;5.3;23.2;1005.0
10381;20190730;3;15.4;18.5;21.9;26.0;85.9;3.0;9.0;2.9;6.6;0.0;1001.3
10381;20190729;3;19.2;20.3;24.9;33.3;71.6;2.0;13.2;5.7;6.0;1.1;997.7
10381;20190728;3;16.7;17.8;24.5;30.7;62.4;3.0;10.9;12.1;4.4;0.0;993.3
10381;20190727;3;16.5;18.9;23.3;28.4;56.4;4.0;13.0;12.2;1.9;0.0;997.5
10381;20190726;3;16.3;18.8;24.6;30.7;53.6;3.0;12.1;15.0;0.8;0.0;1004.1
10381;20190725;3;14.2;17.2;25.7;32.9;56.6;2.0;9.0;14.8;1.6;0.0;1008.1
10381;20190724;3;13.6;16.1;24.4;32.0;59.2;2.0;8.3;15.3;1.6;0.0;1008.6
10381;20190723;3;14.2;15.9;23.1;29.9;66.1;2.0;8.8;15.3;0.8;0.0;1011.2
10381;20190722;3;12.3;14.0;19.8;24.4;70.5;2.0;9.5;4.4;7.0;0.0;1012.8
10381;20190721;3;14.0;16.1;20.6;25.9;71.8;3.0;11.4;9.8;4.1;0.0;1008.2
10381;20190720;3;11.0;13.6;22.2;30.8;66.5;2.0;23.2;11.0;5.7;19.1;1004.4
10381;20190719;3;12.6;14.8;20.3;24.5;68.5;2.0;9.7;2.9;6.6;0.0;1003.5
10381;20190718;3;8.4;11.6;19.9;26.7;58.5;2.0;7.7;11.4;3.4;0.0;1002.8
10381;20190717;3;8.9;11.3;16.7;23.2;72.2;2.0;7.4;8.3;3.7;0.0;1004.6
10381;20190716;3;12.3;12.7;16.5;20.7;73.0;3.0;11.1;3.2;6.0;0.0;1004.7
10381;20190715;3;12.1;13.0;15.3;17.4;73.0;2.0;10.2;0.3;7.4;0.0;1006.8
10381;20190714;3;11.3;14.5;16.6;20.2;82.0;3.0;9.6;2.9;6.0;0.0;1006.7
10381;20190713;3;13.9;14.9;18.6;26.3;77.8;2.0;12.7;7.3;5.8;2.5;1002.3
10381;20190712;3;12.4;14.9;17.9;21.6;84.4;2.0;7.6;1.4;6.7;0.5;1000.6
10381;20190711;3;6.6;9.1;;23.6;62.6;2.0;7.4;9.3;5.1;1.2;1003.5
10381;20190710;3;8.3;10.0;16.0;22.1;66.1;3.0;11.8;9.8;4.3;0.0;1007.2
10381;20190709;3;7.7;9.8;14.3;18.3;68.6;3.0;10.6;4.9;4.6;0.0;1007.1
10381;20190708;3;9.1;11.2;14.1;17.6;65.7;3.0;12.4;2.3;6.6;0.2;1005.3
10381;20190707;3;9.3;11.3;14.8;18.8;61.4;3.0;13.8;3.2;6.4;0.0;1001.0
10381;20190706;3;10.3;12.9;17.4;23.3;76.7;3.0;13.3;1.4;7.3;7.1;999.5
10381;20190705;3;10.4;13.9;18.4;20.8;59.5;3.0;14.6;0.1;7.3;0.0;1004.6
10381;20190704;3;6.7;9.5;16.6;22.7;53.0;3.0;;12.0;4.1;0.0;1011.5
10381;20190703;3;6.1;9.8;15.3;20.0;55.0;3.0;11.5;8.5;3.8;0.0;1012.6
10381;20190702;3;9.4;12.5;17.5;21.5;60.3;3.0;14.9;10.3;3.0;0.0;1009.2
10381;20190701;3;15.1;16.7;22.3;28.0;53.6;3.0;13.7;9.9;4.2;0.0;1004.6
10381;20190630;3;10.1;14.6;27.6;37.6;47.6;3.0;12.4;15.0;1.3;0.0;1003.2
10381;20190629;3;8.4;12.2;21.7;30.3;57.0;2.0;7.3;15.7;0.6;0.0;1010.9
10381;20190628;3;8.4;11.7;17.9;23.9;65.0;2.0;8.8;10.6;3.3;0.0;1014.3
10381;20190627;3;12.8;14.6;19.3;25.3;57.8;3.0;11.7;14.4;1.7;0.0;1013.6
10381;20190626;3;15.1;18.7;27.9;36.1;53.7;3.0;14.1;15.1;2.0;0.0;1009.9
10381;20190625;3;12.5;17.5;25.5;33.5;51.2;3.0;11.3;15.4;4.5;0.0;1012.1
10381;20190624;3;10.1;14.8;22.8;29.7;47.8;3.0;9.8;15.9;3.7;0.0;1014.2
10381;20190623;3;10.0;14.0;21.2;27.8;53.6;3.0;11.7;14.6;1.4;0.0;1012.8
10381;20190622;3;9.9;14.2;20.1;25.7;63.4;3.0;11.8;12.4;2.8;0.0;1012.2
10381;20190621;3;10.7;14.9;19.5;24.7;70.8;2.0;9.2;10.0;4.8;0.0;1007.4
10381;20190620;3;14.2;17.1;21.0;25.7;78.2;2.0;14.5;7.0;6.0;1.9;1001.0
10381;20190619;3;12.6;16.6;24.3;32.1;60.9;2.0;11.6;12.8;5.3;0.9;1000.3
10381;20190618;3;11.1;14.6;22.8;29.4;57.1;3.0;10.6;15.3;2.6;0.0;1007.3
10381;20190617;3;12.0;14.4;20.4;27.1;66.1;2.0;7.2;10.3;3.2;0.0;1011.7
10381;20190616;3;11.3;14.0;17.9;21.5;73.0;2.0;8.4;5.8;6.8;0.0;1010.0
10381;20190615;3;15.7;17.4;24.9;31.5;62.9;4.0;16.0;10.8;5.4;0.0;1001.7
10381;20190614;3;10.1;12.8;22.8;29.5;56.3;3.0;11.0;12.1;4.1;0.0;1007.9
10381;20190613;3;12.5;14.7;18.9;24.6;72.3;2.0;7.5;8.9;3.6;0.0;
10381;20190612;3;15.5;16.6;22.0;33.0;79.0;3.0;24.0;9.7;5.9;13.6;998.6
10381;20190611;3;14.6;16.8;23.0;29.1;74.8;2.0;16.0;11.3;6.3;48.0;1000.3
10381;20190610;3;14.0;14.5;21.1;27.2;72.0;2.0;10.2;5.8;6.8;1.8;1003.9
10381;20190609;3;4.8;8.7;18.8;25.9;53.9;2.0;9.5;12.5;4.7;3.4;1013.6
10381;20190608;3;5.9;10.4;17.9;22.6;59.3;3.0;16.8;8.6;3.8;0.0;1009.5
10381;20190607;3;10.1;12.8;19.4;25.7;68.9;2.0;9.8;14.1;2.5;0.1;1004.6
10381;20190606;3;14.1;14.5;21.0;31.7;78.3;3.0;13.4;8.4;4.8;5.4;999.3
10381;20190605;3;12.2;16.0;25.7;33.6;56.1;3.0;10.7;14.2;1.3;0.0;999.2
10381;20190604;3;13.3;17.2;23.6;30.6;61.0;2.0;8.8;11.6;2.9;0.0;1002.5
10381;20190603;3;11.4;15.6;24.8;33.2;52.8;3.0;17.1;11.9;2.9;0.0;1003.8
10381;20190602;3;10.1;14.6;22.7;31.3;60.3;2.0;7.4;13.4;3.1;0.0;1007.6
10381;20190601;3;10.3;14.0;20.3;27.1;68.0;2.0;10.9;12.7;4.0;0.0;1011.2
10381;20190531;3;8.0;12.1;18.5;24.2;77.4;3.0;11.6;6.7;5.6;3.1;1013.0
10381;20190530;3;0.6;4.4;15.3;23.3;59.5;3.0;11.3;11.5;4.4;0.0;1013.9
10381;20190528;3;4.1;9.3;15.2;19.0;65.5;2.0;10.7;5.1;6.8;0.0;997.5
10381;20190527;3;13.4;14.9;17.6;21.2;69.1;3.0;10.4;1.8;7.3;0.1;997.6
10381;20190526;3;3.1;7.1;15.8;21.0;63.1;3.0;15.6;6.7;6.4;0.0;1002.4
10381;20190525;3;5.3;9.5;13.2;15.8;68.8;3.0;10.2;3.7;5.4;0.0;1005.2
10381;20190524;3;4.3;7.5;16.8;23.2;57.8;2.0;10.6;13.3;6.3;0.0;1004.1
10381;20190523;3;5.4;7.6;13.3;19.3;65.7;2.0;9.6;11.3;5.8;0.0;1008.2
10381;20190522;3;10.9;11.3;12.6;15.6;90.0;4.0;14.1;0.0;7.8;0.7;1003.4
10381;20190521;3;7.5;11.3;17.4;23.6;76.9;2.0;10.2;10.0;4.7;1.1;995.7
10381;20190520;3;9.1;12.6;17.6;25.5;83.6;3.0;15.7;7.2;6.3;11.5;992.9
10381;20190519;3;5.5;9.7;17.8;25.9;74.1;3.0;11.6;10.2;4.0;6.4;996.0
10381;20190518;3;4.3;9.3;16.8;24.4;65.5;3.0;12.2;14.6;1.5;0.0;998.3
10381;20190517;3;3.7;6.1;13.4;20.2;75.7;2.0;9.1;6.6;5.0;0.0;1001.8
10381;20190516;3;2.5;6.1;;11.4;98.3;2.0;9.6;0.0;7.3;7.9;1006.2
10381;20190515;3;-3.1;2.7;8.7;13.1;61.0;3.0;12.5;2.8;6.0;3.9;1015.6
10381;20190514;3;-1.3;4.8;8.9;14.0;60.7;3.0;12.8;8.9;3.3;0.0;1022.0
10381;20190513;3;-0.4;3.9;10.0;15.8;54.5;3.0;10.0;10.7;2.7;0.0;1024.6
10381;20190512;3;-0.8;6.0;11.6;16.9;52.0;3.0;11.9;12.3;5.0;0.0;1017.6
10381;20190511;3;0.9;5.4;10.7;15.1;75.2;2.0;11.5;3.3;6.9;1.2;1004.3
10381;20190510;3;2.0;6.8;12.4;16.9;78.6;3.0;15.0;4.4;6.1;0.4;997.7
10381;20190509;3;4.9;9.5;13.6;18.0;76.4;2.0;11.4;3.8;6.4;0.9;990.5
10381;20190508;3;-3.4;0.9;11.3;18.7;62.3;3.0;14.8;8.7;5.7;0.2;998.0
10381;20190507;3;-2.1;2.0;8.1;13.8;65.6;2.0;10.4;8.7;3.9;0.0;1007.6
10381;20190506;3;-2.2;2.6;7.9;13.1;66.3;3.0;11.5;6.7;5.0;0.6;1007.5
10381;20190505;3;-4.5;-0.3;6.3;11.9;64.7;2.0;8.9;7.5;2.8;0.0;1006.0
10381;20190504;3;-3.3;1.4;6.7;11.1;68.2;3.0;13.1;3.9;5.4;0.0;997.4
10381;20190503;3;4.1;5.5;8.4;11.3;60.4;3.0;15.6;5.6;6.3;0.0;998.0
10381;20190502;3;5.6;7.0;9.9;13.2;80.2;3.0;15.5;0.2;7.6;1.0;996.5
10381;20190501;3;4.4;7.7;12.5;17.2;73.6;3.0;13.1;9.4;5.3;0.0;1002.5
10381;20190430;3;1.6;3.5;10.7;18.1;51.9;3.0;8.6;13.4;2.5;0.5;1007.8
10381;20190429;3;3.7;5.5;10.3;17.1;78.3;3.0;12.1;4.1;5.4;1.1;1008.1
10381;20190428;3;7.9;8.1;10.1;13.1;80.3;3.0;9.8;2.1;7.2;0.4;1007.5
10381;20190427;3;5.0;9.4;12.9;18.1;74.1;3.0;12.4;2.6;6.3;0.4;1002.5
10381;20190426;3;7.3;10.2;18.0;24.0;60.4;3.0;15.0;10.5;5.8;2.4;998.9
10381;20190425;3;8.4;12.6;18.4;25.4;54.7;3.0;9.3;13.0;3.6;0.0;1001.1
10381;20190424;3;8.6;11.6;17.0;23.3;58.4;3.0;12.8;11.1;4.1;0.2;997.2
10381;20190423;3;5.2;9.3;14.4;19.8;51.2;4.0;17.3;8.9;3.7;0.0;1000.3
10381;20190422;3;0.6;7.2;13.3;19.1;51.0;4.0;16.3;13.6;1.1;0.0;1007.8
10381;20190421;3;0.0;5.8;14.0;21.1;47.6;2.0;9.0;13.7;1.2;0.0;1013.6
10381;20190420;3;-0.6;4.0;13.2;21.5;50.8;2.0;8.3;13.5;1.8;0.0;1020.3
10381;20190419;3;1.8;7.8;15.1;22.5;42.3;3.0;9.6;13.3;0.0;0.0;1022.8
10381;20190418;3;-0.2;5.3;13.6;21.3;48.5;3.0;12.2;13.1;0.4;0.0;1020.5
10381;20190417;3;-2.5;2.8;11.2;18.6;48.6;3.0;10.9;13.3;0.8;0.0;1017.7
10381;20190416;;-3.8;1.2;9.2;16.3;48.9;3.0;11.4;13.0;0.4;0.0;1014.1
10381;20190415;3;-2.4;1.7;7.9;13.8;54.8;3.0;9.4;13.2;0.3;0.0;1017.6
10381;20190414;3;-0.4;2.7;5.9;9.9;79.3;3.0;11.7;0.1;6.9;1.5;1015.4
10381;20190413;3;1.1;2.2;4.7;7.6;66.5;3.0;10.8;0.3;7.6;0.0;1014.5
10381;20190412;3;1.9;2.1;3.3;4.8;73.8;3.0;;0.0;7.8;0.0;1016.1
10381;20190411;3;-1.0;1.2;;6.5;67.3;3.0;9.8;4.0;6.2;0.0;1014.7
10381;20190410;3;-2.9;1.1;5.6;10.5;61.9;3.0;10.3;6.8;5.0;0.0;1008.4
10381;20190409;3;-1.2;3.3;7.1;12.4;67.7;3.0;10.2;11.3;3.2;0.0;1005.1
10381;20190408;3;0.0;4.0;11.9;20.0;60.0;2.0;11.7;11.0;0.7;0.0;1000.7
10381;20190407;3;1.4;6.5;13.7;19.8;52.3;3.0;10.3;12.2;0.4;0.0;998.6
10381;20190406;3;3.0;7.1;14.6;22.1;58.5;3.0;11.8;11.7;1.5;0.0;997.8
10381;20190405;3;2.7;6.0;10.4;14.6;77.3;2.0;6.9;5.1;5.6;0.0;995.6
10381;20190404;3;2.3;7.8;14.4;20.9;56.8;3.0;11.0;11.5;3.2;0.0;989.6
10381;20190403;3;3.8;7.1;13.1;19.7;59.5;3.0;9.8;8.8;6.3;0.0;994.1
10381;20190402;3;-1.9;2.1;8.8;15.7;51.7;3.0;10.9;10.8;3.3;0.0;1003.7
10381;20190401;3;-5.2;-2.0;5.7;12.2;54.6;3.0;11.2;12.4;0.1;0.0;1016.4
10381;20190331;3;-3.4;1.4;8.0;11.9;63.3;3.0;9.1;6.3;2.7;0.0;1013.0
10381;20190330;3;-1.1;2.2;10.2;18.6;70.2;3.0;11.0;11.3;4.2;0.0;1012.6
10381;20190329;3;0.3;4.1;9.4;12.1;86.6;2.0;6.2;0.0;6.8;0.0;1021.8
10381;20190328;3;7.6;7.9;8.7;10.0;98.0;2.0;8.8;0.0;8.0;0.8;1022.4
10381;20190327;3;-0.3;3.3;7.3;9.9;87.9;3.0;12.3;0.5;7.2;2.4;1019.2
10381;20190326;3;-0.4;1.6;4.9;7.8;83.8;3.0;16.6;2.5;5.7;1.1;1014.0
10381;20190325;3;-0.3;1.4;4.3;7.9;82.3;3.0;13.6;4.0;5.1;4.1;1006.1
10381;20190324;3;-1.6;2.5;;12.0;69.8;2.0;8.0;7.5;4.8;0.0;1014.9
10381;20190323;3;1.0;4.1;9.5;16.2;81.9;3.0;10.0;10.3;5.1;0.0;1017.1
10381;20190322;3;1.0;4.7;8.4;11.8;92.0;2.0;6.5;2.7;5.1;0.0;1022.2
10381;20190321;3;0.9;4.8;9.5;11.9;84.5;2.0;9.1;0.7;6.3;0.0;1023.6
10381;20190320;3;-4.4;-2.6;6.9;12.8;68.8;3.0;11.8;8.9;4.6;0.0;1022.4
10381;20190319;3;-3.5;-0.6;4.4;8.3;73.7;3.0;12.5;3.6;4.3;0.0;1015.1
10381;20190318;3;0.2;2.8;5.0;;75.4;4.0;22.8;3.2;4.7;1.1;1001.7
10381;20190317;3;1.1;3.9;8.3;13.0;74.3;4.0;20.4;;6.5;0.9;991.5
10381;20190316;3;3.8;4.6;6.5;8.7;81.8;4.0;19.1;1.4;6.9;5.4;994.7
10381;20190315;3;4.5;5.5;7.5;10.0;78.5;4.0;23.2;0.8;6.3;1.0;988.3
10381;20190314;3;3.1;4.0;5.7;8.4;90.5;4.0;17.4;0.1;7.6;10.6;988.0
10381;20190313;3;2.1;4.6;7.3;9.6;63.3;4.0;20.1;3.6;6.6;1.6;991.9
10381;20190312;3;1.3;1.8;5.4;9.5;73.2;3.0;13.5;3.2;7.1;0.7;1005.2
10381;20190311;3;0.1;1.3;3.1;5.3;91.7;4.0;16.8;1.8;7.1;3.0;1000.7
10381;20190310;3;0.0;0.4;4.4;7.7;86.3;3.0;16.7;0.8;6.7;13.7;993.4
10381;20190309;3;2.5;4.5;7.1;11.6;79.0;4.0;23.2;2.1;6.7;6.9;995.6
10381;20190308;3;;4.5;7.6;9.6;68.5;4.0;21.0;3.8;4.1;2.2;996.0
10381;20190307;3;3.7;7.2;10.3;16.8;69.3;4.0;20.5;2.0;5.7;0.2;987.7
10381;20190306;3;-2.9;0.1;6.7;12.7;73.3;3.0;11.9;7.2;5.5;1.2;998.0
10381;20190305;3;-1.9;1.7;6.0;8.9;75.6;4.0;19.8;3.1;5.2;0.8;992.5
10381;20190304;3;3.9;6.1;;15.1;72.6;4.0;23.3;1.7;5.7;2.7;983.8
10381;20190303;3;3.1;4.1;8.7;11.5;86.8;4.0;14.1;0.0;7.8;1.0;996.0
10381;20190302;3;-0.1;2.4;3.8;5.5;77.5;2.0;8.6;0.0;7.5;0.4;
10381;20190301;3;-0.6;2.7;4.3;5.4;85.7;2.0;7.2;0.0;7.6;0.0;1002.2
10381;20190228;3;-2.5;2.3;7.8;12.6;69.5;3.0;12.4;7.8;3.8;0.0;1001.7
10381;20190227;3;-2.6;-0.1;7.0;16.2;62.3;2.0;8.3;9.9;1.3;0.0;1015.2
10381;20190226;3;-2.0;2.2;6.4;11.4;76.5;2.0;7.3;2.2;4.9;0.0;1022.7
10381;20190225;3;-4.5;-1.9;5.9;13.7;64.5;3.0;8.9;9.7;4.1;0.0;1026.4
10381;20190224;3;-5.1;-3.3;2.8;12.5;55.5;2.0;5.4;7.8;2.3;0.0;1028.9
10381;20190223;3;-5.8;-4.0;-0.2;5.1;57.9;2.0;6.7;9.1;3.2;0.0;1033.4
10381;20190222;3;-5.3;-2.5;3.4;8.6;69.4;3.0;13.3;7.0;3.5;0.1;1026.7
10381;20190221;3;1.9;5.7;8.0;10.6;83.0;3.0;12.8;1.1;7.4;3.3;1013.3
10381;20190220;3;1.7;5.4;7.5;10.1;75.8;3.0;11.1;1.7;6.8;0.3;1011.0
10381;20190219;3;-2.9;1.5;6.2;9.8;77.3;3.0;14.4;0.9;6.1;0.5;1005.4
10381;20190218;3;-4.0;-1.3;5.8;15.4;73.9;2.0;6.4;9.6;2.0;0.0;1009.2
10381;20190217;3;-3.7;-1.2;4.8;14.4;78.1;2.0;5.7;9.0;4.8;0.0;1014.2
10381;20190216;3;-4.2;-1.3;5.9;16.6;68.4;3.0;6.9;9.8;1.0;0.0;1016.3
10381;20190215;3;-4.1;-2.0;4.5;14.0;72.2;2.0;7.1;9.6;1.8;0.0;1023.2
10381;20190214;3;-3.2;-0.2;6.2;10.6;82.5;3.0;9.8;6.1;3.8;0.0;1024.9
10381;20190213;3;2.6;3.6;6.1;8.0;91.8;3.0;12.6;0.0;8.0;0.3;1021.6
10381;20190212;3;-2.5;1.0;3.1;5.8;70.3;3.0;14.9;5.4;5.6;0.1;1016.9
10381;20190211;3;-0.1;0.9;4.3;7.4;76.3;4.0;17.5;1.8;5.5;0.2;996.6
10381;20190210;3;-0.1;3.7;6.2;8.5;88.2;3.0;15.1;0.0;6.8;10.6;988.3
10381;20190209;3;2.7;5.0;7.5;11.1;65.3;4.0;17.4;3.4;6.2;0.9;995.1
10381;20190208;3;-1.9;1.9;5.2;8.3;76.8;3.0;11.7;3.6;5.1;0.0;1003.3
10381;20190207;3;-2.5;-0.5;2.3;5.4;71.0;3.0;11.5;0.7;6.5;0.2;1003.0
10381;20190206;3;-3.2;-0.2;3.1;7.0;75.6;3.0;10.7;6.8;7.0;0.0;1014.6
10381;20190205;3;-2.1;-0.3;2.1;3.7;78.6;3.0;9.0;0.0;7.6;0.0;1016.1
10381;20190204;3;-3.7;-1.7;1.0;6.0;85.5;3.0;9.1;7.8;3.8;0.1;1016.6
10381;20190203;3;-2.0;-0.5;1.0;1.8;97.3;3.0;10.1;0.0;7.6;0.0;1003.8
10381;20190202;3;-0.1;0.3;0.7;1.4;98.1;2.0;8.7;0.0;8.0;1.1;987.8
10381;20190201;3;-5.9;-3.6;-0.7;1.9;87.3;3.0;8.8;0.0;5.5;1.3;987.0
10381;20190131;3;-4.8;-2.2;0.1;4.7;82.6;2.0;7.5;2.6;6.0;0.0;990.6
10381;20190130;3;-4.9;-3.0;-0.5;3.1;83.4;3.0;11.9;6.0;5.1;0.0;990.9
10381;20190129;3;-4.1;-2.0;0.9;3.2;93.7;3.0;12.7;0.7;6.8;0.0;992.9
10381;20190128;3;-1.1;1.1;3.0;5.7;90.8;3.0;10.6;4.3;6.8;1.8;981.8
10381;20190127;3;0.8;2.4;4.0;6.0;93.4;3.0;9.5;0.0;7.3;2.7;980.6
10381;20190126;3;-3.3;-3.2;0.6;3.6;98.0;2.0;8.2;0.0;8.0;5.0;992.6
10381;20190125;3;-4.5;-4.6;-3.7;-2.3;81.4;2.0;7.9;1.4;7.5;0.7;1004.3
10381;20190124;3;-4.2;-4.5;-3.9;-3.3;78.4;2.0;9.8;0.0;7.9;0.0;1002.6
10381;20190123;3;-7.3;-6.8;-5.5;-3.5;89.0;3.0;10.0;2.9;6.6;0.0;996.2
10381;20190122;3;-7.7;-5.6;-3.5;0.7;86.3;2.0;8.4;6.1;2.9;0.0;1002.3
10381;20190121;3;-6.8;-4.9;-3.5;-2.0;94.2;2.0;7.2;2.6;6.7;0.0;1011.7
10381;20190120;3;-8.4;-6.2;-2.7;1.9;91.8;2.0;4.8;7.6;2.7;0.0;1010.1
10381;20190119;3;-6.4;-4.2;-0.2;3.3;84.9;2.0;6.9;6.1;5.1;0.0;1010.1
10381;20190118;3;-3.1;-1.4;0.4;2.1;80.7;3.0;13.0;7.7;5.0;0.0;1005.2
10381;20190117;3;0.7;1.7;4.4;7.3;79.0;3.0;14.6;1.8;7.2;3.3;990.0
10381;20190116;3;1.0;2.8;6.1;7.0;83.6;4.0;17.4;0.0;7.8;0.0;996.6
10381;20190115;3;0.0;1.3;3.9;6.5;85.3;4.0;17.8;0.0;7.4;1.6;999.1
10381;20190114;3;-1.0;0.2;2.5;6.0;61.6;5.0;20.3;3.8;4.0;0.0;991.1
10381;20190113;3;4.4;5.0;6.1;7.9;94.2;4.0;19.3;0.0;7.8;4.0;985.7
10381;20190112;3;3.4;4.0;4.9;5.8;90.9;4.0;14.8;0.0;7.9;3.8;1000.2
10381;20190111;3;-0.5;-0.2;2.2;5.4;95.3;3.0;11.4;0.0;7.8;1.5;1006.7
10381;20190110;3;-0.6;0.0;0.9;2.0;83.1;3.0;11.8;0.5;7.3;0.0;1012.1
10381;20190109;3;0.4;1.0;1.9;2.9;95.0;4.0;15.1;0.0;7.9;2.3;997.0
10381;20190108;3;1.7;2.1;4.6;6.0;95.5;4.0;17.3;0.0;7.3;10.2;991.7
10381;20190107;3;-2.4;-0.3;3.0;5.6;99.1;2.0;12.2;0.0;7.6;6.5;1014.9
10381;20190106;3;-2.2;0.0;2.0;3.3;87.0;2.0;8.9;0.6;6.7;0.2;1017.6
10381;20190105;3;0.1;2.4;6.0;7.9;92.6;3.0;12.0;0.4;7.3;0.0;1010.0
10381;20190104;3;-1.5;-1.0;1.8;4.7;97.7;3.0;13.6;0.0;7.6;1.9;1017.3
10381;20190103;3;-5.2;-2.5;-0.4;1.5;82.6;3.0;10.7;0.0;4.2;0.0;1022.5
10381;20190102;3;-3.6;-1.5;1.8;3.5;61.8;4.0;17.7;1.3;4.1;0.1;1013.7
10381;20190101;3;2.1;3.1;6.4;8.5;82.3;5.0;21.6;0.6;7.2;2.2;1007.2
10381;20181231;3;1.4;3.0;5.5;8.2;96.3;2.0;10.7;0.1;7.5;0.4;1019.4
10381;20181230;3;1.4;3.5;6.2;7.7;84.0;4.0;17.4;0.0;6.7;0.1;1012.7
10381;20181229;3;4.1;4.3;5.6;6.6;97.4;3.0;10.5;0.0;7.9;5.8;1014.5
10381;20181228;3;4.8;5.0;5.9;6.8;94.0;3.0;11.0;0.0;7.8;1.0;1014.5
10381;20181227;3;2.3;3.8;5.1;5.9;97.1;3.0;10.9;0.0;7.9;0.4;1014.3
10381;20181226;3;4.1;4.6;5.5;6.3;93.4;3.0;14.7;0.0;7.8;0.6;1016.4
10381;20181225;3;2.7;3.0;4.6;5.7;85.8;4.0;15.0;0.0;7.5;0.2;1017.9
10381;20181224;3;-0.1;;1.8;5.4;89.3;3.0;11.9;0.0;7.8;0.7;1013.1
10381;20181223;3;3.0;4.1;5.8;7.4;;3.0;12.1;0.0;7.8;3.9;1005.2
10381;20181222;3;1.7;3.8;6.5;9.7;82.1;3.0;18.6;0.0;7.3;7.5;997.7
10381;20181221;3;0.8;3.9;6.4;10.7;95.9;3.0;19.0;0.0;7.5;6.7;996.1
10381;20181220;3;-0.1;2.5;3.7;5.1;93.5;2.0;6.6;0.1;7.4;1.2;1004.8
10381;20181219;3;-3.9;-0.8;1.5;2.9;94.0;3.0;10.2;0.0;7.1;0.0;1007.9
10381;20181218;3;-3.1;-0.1;3.0;6.5;95.8;2.0;7.6;1.0;7.0;0.0;1014.9
10381;20181217;3;-1.3;-1.2;0.8;2.3;91.8;1.0;3.5;0.0;7.6;0.0;1010.6
10381;20181216;3;-3.6;-1.6;-0.6;0.2;79.2;3.0;9.5;0.0;7.7;0.0;1007.3
10381;20181215;3;-0.9;-0.6;0.0;0.9;84.3;2.0;7.8;0.0;7.9;0.0;1018.1
10381;20181214;3;-1.0;-0.4;0.4;1.1;82.3;2.0;7.6;0.0;7.6;0.0;1016.5
10381;20181213;3;0.2;0.8;2.1;2.7;90.3;2.0;7.0;0.0;7.9;0.0;1014.4
10381;20181212;3;-1.6;1.5;2.8;4.2;90.8;2.0;8.2;0.3;6.8;0.0;1013.8
10381;20181211;3;1.1;2.2;3.7;4.8;92.0;3.0;15.1;0.0;7.6;4.1;1004.2
10381;20181210;3;2.7;3.4;4.6;5.9;79.3;4.0;18.9;1.2;6.9;0.4;998.8
10381;20181209;3;5.4;5.8;7.1;8.2;85.8;4.0;17.5;0.0;7.4;1.5;983.4
10381;20181208;3;2.7;5.0;7.0;9.4;77.4;4.0;23.4;0.2;5.8;3.2;990.1
10381;20181207;3;8.0;9.2;10.3;12.1;95.9;3.0;13.9;0.0;7.9;7.7;995.4
10381;20181206;3;-0.1;1.3;4.8;9.3;82.6;3.0;9.0;0.1;7.8;1.2;1006.8
10381;20181205;3;-3.6;-0.9;2.0;7.4;87.3;2.0;9.1;7.1;2.2;0.0;1016.4
10381;20181204;3;0.3;2.4;6.4;10.1;78.9;4.0;16.3;2.8;3.8;0.0;1003.7
10381;20181203;3;2.6;7.1;10.3;13.6;95.0;3.0;12.7;1.7;5.8;1.7;990.2
10381;20181202;3;1.4;;6.4;9.6;92.3;3.0;10.8;0.0;7.3;2.3;993.4
10381;20181201;3;-1.1;0.7;3.3;6.7;99.0;2.0;6.8;1.2;6.4;0.0;1004.3
10381;20181130;3;-0.7;0.3;0.7;1.7;75.9;3.0;11.1;0.0;7.8;3.0;1005.9
10381;20181129;3;-4.0;-2.1;0.3;3.0;62.6;4.0;11.6;5.1;6.4;0.0;1012.5
10381;20181128;3;-5.7;-3.1;0.2;3.7;75.9;3.0;11.0;7.3;2.8;0.0;1018.4
10381;20181127;3;-5.0;-2.6;0.0;2.0;84.4;2.0;5.7;0.0;7.0;0.0;1012.7
10381;20181126;3;-3.2;-0.3;2.5;3.9;86.8;3.0;9.7;0.0;7.5;0.0;1004.6
10381;20181125;3;0.9;2.6;4.3;5.7;97.4;2.0;10.1;0.0;7.8;0.0;1003.0
10381;20181124;3;0.5;0.2;2.2;3.5;98.0;2.0;;0.0;7.9;0.0;1004.9
10381;20181123;3;-1.1;0.5;1.9;3.2;96.8;2.0;6.1;0.0;7.8;0.0;1012.1
10381;20181122;3;0.5;0.5;1.1;1.9;86.3;3.0;9.5;0.0;8.0;0.0;1014.8
10381;20181121;3;0.0;0.4;;1.8;81.0;3.0;12.0;0.0;8.0;0.0;1012.1
10381;20181120;3;1.2;1.7;2.3;3.3;77.3;4.0;16.2;0.0;7.9;0.0;1009.3
10381;20181119;3;-0.1;2.2;3.9;5.6;88.3;4.0;15.4;0.5;6.6;0.7;1013.2
10381;20181118;3;-6.4;-3.8;1.6;5.8;87.8;2.0;9.8;1.6;5.0;0.0;1020.9
10381;20181116;3;-1.6;1.6;5.0;9.3;79.9;3.0;11.5;8.2;2.3;;1025.1
10381;20181115;3;1.1;;6.3;10.4;93.0;3.0;8.5;0.5;4.6;0.0;1020.6
10381;20181114;3;1.2;4.7;7.2;11.0;96.1;2.0;8.8;6.4;5.0;0.0;1019.5
10381;20181113;3;4.4;6.8;9.7;12.3;97.4;2.0;11.2;1.1;6.0;8.9;1012.3